-- Spring and Autumn / Warring States sample knowledge graph.
-- IDs are stable so public graph links and repeated migration checks remain deterministic.

INSERT INTO public.person (id, name, era, birth_year, death_year, description)
VALUES
  ('11111111-1111-1111-1111-111111111001', '管仲', '春秋', -723, -645, '齐国名相，辅佐齐桓公推行改革，使齐国成为春秋首霸。'),
  ('11111111-1111-1111-1111-111111111002', '齐桓公', '春秋', NULL, -643, '姜姓齐国君主，任用管仲改革内政，打出尊王攘夷旗号，会盟诸侯。'),
  ('11111111-1111-1111-1111-111111111003', '晋文公', '春秋', -697, -628, '晋国君主，流亡十九年后归国即位，在城濮之战后成为春秋霸主之一。'),
  ('11111111-1111-1111-1111-111111111004', '楚庄王', '春秋', NULL, -591, '楚国君主，励精图治，问鼎中原，是春秋时期南方强国崛起的代表人物。'),
  ('11111111-1111-1111-1111-111111111005', '伍子胥', '春秋', NULL, -484, '楚人入吴，辅佐吴王阖闾强吴伐楚，是吴楚争霸中的关键人物。'),
  ('11111111-1111-1111-1111-111111111006', '孙武', '春秋', NULL, NULL, '兵家代表人物，相传著有《孙子兵法》，曾助吴国训练军队。'),
  ('11111111-1111-1111-1111-111111111007', '勾践', '春秋', NULL, -465, '越国君主，卧薪尝胆，最终灭吴，成为春秋末期霸主之一。'),
  ('11111111-1111-1111-1111-111111111008', '商鞅', '战国', -390, -338, '法家重要人物，在秦国主持变法，奠定秦国强盛基础。'),
  ('11111111-1111-1111-1111-111111111009', '秦孝公', '战国', -381, -338, '秦国君主，任用商鞅变法，使秦国迅速崛起。'),
  ('11111111-1111-1111-1111-111111111010', '苏秦', '战国', NULL, -284, '纵横家代表人物，以合纵策略游说六国抗秦。'),
  ('11111111-1111-1111-1111-111111111011', '张仪', '战国', NULL, -309, '纵横家代表人物，服务秦国，以连横策略瓦解合纵。'),
  ('11111111-1111-1111-1111-111111111012', '廉颇', '战国', NULL, -243, '赵国名将，长平之战前曾坚守防线，与蔺相如并称。'),
  ('11111111-1111-1111-1111-111111111013', '蔺相如', '战国', NULL, NULL, '赵国政治家，以完璧归赵、渑池会见闻名，与廉颇将相和。'),
  ('11111111-1111-1111-1111-111111111014', '白起', '战国', NULL, -257, '秦国名将，战国后期秦军扩张中的核心军事人物。')
ON CONFLICT (id) DO UPDATE SET
  name = EXCLUDED.name,
  era = EXCLUDED.era,
  birth_year = EXCLUDED.birth_year,
  death_year = EXCLUDED.death_year,
  description = EXCLUDED.description;

INSERT INTO public.event (id, title, start_year, end_year, dynasty, description, impact_level, location_name, location_lat, location_lng)
VALUES
  ('22222222-2222-2222-2222-222222222001', '管仲改革', -685, -645, '春秋', '管仲辅佐齐桓公整顿行政、发展经济、组织军政，使齐国获得争霸实力。', 4, '临淄（今山东淄博）', 36.82, 118.30),
  ('22222222-2222-2222-2222-222222222002', '葵丘会盟', -651, -651, '春秋', '齐桓公召集诸侯会盟，尊王攘夷秩序达到高峰，标志齐国霸业成熟。', 4, '葵丘（今河南民权附近）', 34.65, 115.13),
  ('22222222-2222-2222-2222-222222222003', '城濮之战', -632, -632, '春秋', '晋楚争霸中的关键战役，晋文公击败楚军，确立晋国霸主地位。', 5, '城濮（今山东鄄城一带）', 35.56, 115.50),
  ('22222222-2222-2222-2222-222222222004', '楚庄王问鼎', -606, -606, '春秋', '楚庄王北上洛邑附近问周鼎轻重，象征楚国挑战中原秩序的野心。', 3, '洛邑（今河南洛阳）', 34.62, 112.45),
  ('22222222-2222-2222-2222-222222222005', '吴破郢之战', -506, -506, '春秋', '吴国在伍子胥、孙武等人辅佐下攻入楚都郢，重创楚国。', 5, '郢都（今湖北荆州一带）', 30.35, 112.19),
  ('22222222-2222-2222-2222-222222222006', '越灭吴', -473, -473, '春秋', '越王勾践长期蓄力后灭吴，春秋末期吴越争霸落幕。', 5, '姑苏（今江苏苏州）', 31.30, 120.59),
  ('22222222-2222-2222-2222-222222222007', '商鞅变法', -356, -350, '战国', '商鞅在秦孝公支持下推行军功爵、县制、什伍连坐和土地制度改革，深刻改变秦国。', 5, '栎阳/咸阳（今陕西一带）', 34.34, 108.94),
  ('22222222-2222-2222-2222-222222222008', '合纵连横', -334, -318, '战国', '苏秦合纵与张仪连横代表战国外交博弈，六国与秦国之间的联盟格局频繁变化。', 4, '战国诸国', 34.75, 113.62),
  ('22222222-2222-2222-2222-222222222009', '完璧归赵', -283, -283, '战国', '蔺相如出使秦国，维护赵国利益，成为战国外交故事的代表。', 3, '秦赵之间', 34.34, 108.94),
  ('22222222-2222-2222-2222-222222222010', '长平之战', -260, -260, '战国', '秦赵之间的大规模决战，赵军惨败，秦统一进程获得决定性优势。', 5, '长平（今山西高平）', 35.80, 112.92)
ON CONFLICT (id) DO UPDATE SET
  title = EXCLUDED.title,
  start_year = EXCLUDED.start_year,
  end_year = EXCLUDED.end_year,
  dynasty = EXCLUDED.dynasty,
  description = EXCLUDED.description,
  impact_level = EXCLUDED.impact_level,
  location_name = EXCLUDED.location_name,
  location_lat = EXCLUDED.location_lat,
  location_lng = EXCLUDED.location_lng;

INSERT INTO public.person_relationship (id, person_a, person_b, relation_type, description)
VALUES
  ('33333333-3333-3333-3333-333333333001', '11111111-1111-1111-1111-111111111001', '11111111-1111-1111-1111-111111111002', 'minister', '管仲辅佐齐桓公完成齐国改革与霸业。'),
  ('33333333-3333-3333-3333-333333333002', '11111111-1111-1111-1111-111111111005', '11111111-1111-1111-1111-111111111006', 'ally', '伍子胥与孙武共同服务吴国，是吴破楚的重要支撑。'),
  ('33333333-3333-3333-3333-333333333003', '11111111-1111-1111-1111-111111111008', '11111111-1111-1111-1111-111111111009', 'minister', '商鞅受秦孝公重用，在秦国推行变法。'),
  ('33333333-3333-3333-3333-333333333004', '11111111-1111-1111-1111-111111111010', '11111111-1111-1111-1111-111111111011', 'rival', '苏秦合纵与张仪连横代表相互对抗的外交路线。'),
  ('33333333-3333-3333-3333-333333333005', '11111111-1111-1111-1111-111111111012', '11111111-1111-1111-1111-111111111013', 'ally', '廉颇与蔺相如由相争到相重，形成将相和。'),
  ('33333333-3333-3333-3333-333333333006', '11111111-1111-1111-1111-111111111012', '11111111-1111-1111-1111-111111111014', 'enemy', '廉颇、白起分别代表赵秦军事集团，在秦赵对抗中处于敌对阵营。')
ON CONFLICT (id) DO UPDATE SET
  person_a = EXCLUDED.person_a,
  person_b = EXCLUDED.person_b,
  relation_type = EXCLUDED.relation_type,
  description = EXCLUDED.description;

INSERT INTO public.person_event (id, person_id, event_id, role)
VALUES
  ('44444444-4444-4444-4444-444444444001', '11111111-1111-1111-1111-111111111001', '22222222-2222-2222-2222-222222222001', 'reformer'),
  ('44444444-4444-4444-4444-444444444002', '11111111-1111-1111-1111-111111111002', '22222222-2222-2222-2222-222222222001', 'ruler'),
  ('44444444-4444-4444-4444-444444444003', '11111111-1111-1111-1111-111111111002', '22222222-2222-2222-2222-222222222002', 'hegemon'),
  ('44444444-4444-4444-4444-444444444004', '11111111-1111-1111-1111-111111111003', '22222222-2222-2222-2222-222222222003', 'commander'),
  ('44444444-4444-4444-4444-444444444005', '11111111-1111-1111-1111-111111111004', '22222222-2222-2222-2222-222222222004', 'ruler'),
  ('44444444-4444-4444-4444-444444444006', '11111111-1111-1111-1111-111111111005', '22222222-2222-2222-2222-222222222005', 'strategist'),
  ('44444444-4444-4444-4444-444444444007', '11111111-1111-1111-1111-111111111006', '22222222-2222-2222-2222-222222222005', 'strategist'),
  ('44444444-4444-4444-4444-444444444008', '11111111-1111-1111-1111-111111111007', '22222222-2222-2222-2222-222222222006', 'ruler'),
  ('44444444-4444-4444-4444-444444444009', '11111111-1111-1111-1111-111111111008', '22222222-2222-2222-2222-222222222007', 'reformer'),
  ('44444444-4444-4444-4444-444444444010', '11111111-1111-1111-1111-111111111009', '22222222-2222-2222-2222-222222222007', 'patron'),
  ('44444444-4444-4444-4444-444444444011', '11111111-1111-1111-1111-111111111010', '22222222-2222-2222-2222-222222222008', 'diplomat'),
  ('44444444-4444-4444-4444-444444444012', '11111111-1111-1111-1111-111111111011', '22222222-2222-2222-2222-222222222008', 'diplomat'),
  ('44444444-4444-4444-4444-444444444013', '11111111-1111-1111-1111-111111111013', '22222222-2222-2222-2222-222222222009', 'envoy'),
  ('44444444-4444-4444-4444-444444444014', '11111111-1111-1111-1111-111111111012', '22222222-2222-2222-2222-222222222010', 'defender'),
  ('44444444-4444-4444-4444-444444444015', '11111111-1111-1111-1111-111111111014', '22222222-2222-2222-2222-222222222010', 'commander')
ON CONFLICT (id) DO UPDATE SET
  person_id = EXCLUDED.person_id,
  event_id = EXCLUDED.event_id,
  role = EXCLUDED.role;

INSERT INTO public.event_causality (id, cause_event_id, effect_event_id, description)
VALUES
  ('55555555-5555-5555-5555-555555555001', '22222222-2222-2222-2222-222222222001', '22222222-2222-2222-2222-222222222002', '齐国改革增强国力，推动齐桓公会盟诸侯。'),
  ('55555555-5555-5555-5555-555555555002', '22222222-2222-2222-2222-222222222002', '22222222-2222-2222-2222-222222222003', '齐国霸业之后，晋楚争霸成为中原秩序的核心矛盾。'),
  ('55555555-5555-5555-5555-555555555003', '22222222-2222-2222-2222-222222222005', '22222222-2222-2222-2222-222222222006', '吴国强盛并重创楚国后，也激化了吴越争霸，最终越灭吴。'),
  ('55555555-5555-5555-5555-555555555004', '22222222-2222-2222-2222-222222222007', '22222222-2222-2222-2222-222222222008', '秦国变法后实力增强，引发六国合纵与秦国连横的外交对抗。'),
  ('55555555-5555-5555-5555-555555555005', '22222222-2222-2222-2222-222222222008', '22222222-2222-2222-2222-222222222010', '合纵连横失败与秦赵力量变化，最终走向长平决战。')
ON CONFLICT (id) DO UPDATE SET
  cause_event_id = EXCLUDED.cause_event_id,
  effect_event_id = EXCLUDED.effect_event_id,
  description = EXCLUDED.description;
